{"Accuracy": 72.60894170911149, "Precision": 72.57985228026425, "Recall": 72.60894170911149, "F1 Score": 72.26841673496061, "Overall score": 72.51653810836196}