{"Accuracy": 95.0, "Precision": 95.41666666666666, "Recall": 95.0, "F1 Score": 94.27536231884058, "Overall score": 94.9230072463768}