{"Accuracy": 93.0, "Precision": 93.75691609977324, "Recall": 93.0, "F1 Score": 91.9117964672306, "Overall score": 92.91717814175095}