{"Accuracy": 70.0, "Precision": 66.66666666666666, "Recall": 70.0, "F1 Score": 86.28571428571428, "Overall score": 73.23809523809524}