{"Accuracy": 70.0, "Precision": 76.66666666666666, "Recall": 70.0, "F1 Score": 70.47619047619047, "Overall score": 71.78571428571428}